YEAR_ID,QTR_ID,TOTAL_SALES,NB_ORDERS
2003,1,445094.6900000002,130
2003,2,562365.22,162
2003,3,649514.5399999999,184
2003,4,1860005.0899999987,524
2004,1,833730.6800000005,233
2004,2,766260.7299999996,223
2004,3,1109396.2700000005,319
2004,4,2014774.9199999995,570
2005,1,1071992.3600000003,302
2005,2,719494.3500000001,176
