PRODUCTLINE,TOTAL_QUANTITY,TOTAL_REVENUE
Classic Cars,33992,3919615.659999997
Vintage Cars,21069,1903150.8399999992
Motorcycles,11663,1166388.3400000003
Trucks and Buses,10777,1127789.8399999996
Planes,10727,975003.5700000001
Ships,8127,714437.13
Trains,2712,226243.46999999997
